timeStamp,elapsed,label,responseCode,responseMessage,dataType,success,bytes,sentBytes,grpThreads,allThreads,Latency,IdleTime,Connect,Hostname,failureMessage
"1744580560147","23","/oauth/login3","200","OK","unknown","true","42","0","10","10","0","0","0","DESKTOP-7GDM8PF_3096","None"
"1744580560154","28","/oauth/login3","200","OK","unknown","true","42","0","10","10","0","0","0","DESKTOP-7GDM8PF_3096","None"
"1744580560156","28","/oauth/login3","200","OK","unknown","true","42","0","10","10","0","0","0","DESKTOP-7GDM8PF_3096","None"
"1744580560157","30","/oauth/login3","200","OK","unknown","true","42","0","10","10","0","0","0","DESKTOP-7GDM8PF_3096","None"
"1744580560227","98","/oauth/login3","200","OK","unknown","true","42","0","10","10","0","0","0","DESKTOP-7GDM8PF_3096","None"
"1744580560440","309","/oauth/login3","200","OK","unknown","true","42","0","10","10","0","0","0","DESKTOP-7GDM8PF_3096","None"
"1744580560500","367","/oauth/login3","200","OK","unknown","true","42","0","10","10","0","0","0","DESKTOP-7GDM8PF_3096","None"
"1744580560561","424","/oauth/login3","200","OK","unknown","true","42","0","10","10","0","0","0","DESKTOP-7GDM8PF_3096","None"
"1744580560621","485","/oauth/login3","200","OK","unknown","true","42","0","10","10","0","0","0","DESKTOP-7GDM8PF_3096","None"
"1744580560681","546","/oauth/login3","200","OK","unknown","true","42","0","10","10","0","0","0","DESKTOP-7GDM8PF_3096","None"
"1744580561227","102","/oauth/login3","200","OK","unknown","true","42","0","20","20","0","0","0","DESKTOP-7GDM8PF_3096","None"
"1744580561231","106","/oauth/login3","200","OK","unknown","true","42","0","20","20","0","0","0","DESKTOP-7GDM8PF_3096","None"
"1744580561233","105","/oauth/login3","200","OK","unknown","true","42","0","20","20","0","0","0","DESKTOP-7GDM8PF_3096","None"
"1744580561235","109","/oauth/login3","200","OK","unknown","true","42","0","20","20","0","0","0","DESKTOP-7GDM8PF_3096","None"
"1744580561277","146","/oauth/login3","200","OK","unknown","true","42","0","20","20","0","0","0","DESKTOP-7GDM8PF_3096","None"
"1744580561529","401","/oauth/login3","200","OK","unknown","true","42","0","20","20","0","0","0","DESKTOP-7GDM8PF_3096","None"
"1744580561588","460","/oauth/login3","200","OK","unknown","true","42","0","20","20","0","0","0","DESKTOP-7GDM8PF_3096","None"
"1744580561647","519","/oauth/login3","200","OK","unknown","true","42","0","20","20","0","0","0","DESKTOP-7GDM8PF_3096","None"
"1744580561709","582","/oauth/login3","200","OK","unknown","true","42","0","20","20","0","0","0","DESKTOP-7GDM8PF_3096","None"
"1744580561769","643","/oauth/login3","200","OK","unknown","true","42","0","20","20","0","0","0","DESKTOP-7GDM8PF_3096","None"
"1744580562329","193","/oauth/login3","200","OK","unknown","true","42","0","30","30","0","0","0","DESKTOP-7GDM8PF_3096","None"
"1744580562376","236","/oauth/login3","200","OK","unknown","true","42","0","30","30","0","0","0","DESKTOP-7GDM8PF_3096","None"
"1744580562490","354","/oauth/login3","200","OK","unknown","true","42","0","30","30","0","0","0","DESKTOP-7GDM8PF_3096","None"
"1744580562597","455","/oauth/login3","200","OK","unknown","true","42","0","30","30","0","0","0","DESKTOP-7GDM8PF_3096","None"
"1744580562808","671","/oauth/login3","200","OK","unknown","true","42","0","30","30","0","0","0","DESKTOP-7GDM8PF_3096","None"
"1744580562883","744","/oauth/login3","200","OK","unknown","true","42","0","30","30","0","0","0","DESKTOP-7GDM8PF_3096","None"
"1744580562884","1661","q3","200","OK","unknown","true","5631","0","30","30","0","0","0","DESKTOP-7GDM8PF_3096","None"
"1744580562885","1664","q3","200","OK","unknown","true","5631","0","30","30","0","0","0","DESKTOP-7GDM8PF_3096","None"
"1744580562886","1672","q3","200","OK","unknown","true","5631","0","30","30","0","0","0","DESKTOP-7GDM8PF_3096","None"
"1744580563006","865","/oauth/login3","200","OK","unknown","true","42","0","30","30","0","0","0","DESKTOP-7GDM8PF_3096","None"
"1744580563067","933","/oauth/login3","200","OK","unknown","true","42","0","30","30","0","0","0","DESKTOP-7GDM8PF_3096","None"
"1744580563208","1619","q2","200","OK","unknown","true","7961","0","40","40","0","0","0","DESKTOP-7GDM8PF_3096","None"
"1744580563211","1985","q2","200","OK","unknown","true","7961","0","40","40","0","0","0","DESKTOP-7GDM8PF_3096","None"
"1744580563211","1069","/oauth/login3","200","OK","unknown","true","42","0","40","40","0","0","0","DESKTOP-7GDM8PF_3096","None"
"1744580563268","1132","/oauth/login3","200","OK","unknown","true","42","0","40","40","0","0","0","DESKTOP-7GDM8PF_3096","None"
"1744580563352","214","/oauth/login3","200","OK","unknown","true","42","0","40","40","0","0","0","DESKTOP-7GDM8PF_3096","None"
"1744580563415","276","/oauth/login3","200","OK","unknown","true","42","0","40","40","0","0","0","DESKTOP-7GDM8PF_3096","None"
"1744580563476","336","/oauth/login3","200","OK","unknown","true","42","0","40","40","0","0","0","DESKTOP-7GDM8PF_3096","None"
"1744580563546","406","/oauth/login3","200","OK","unknown","true","42","0","40","40","0","0","0","DESKTOP-7GDM8PF_3096","None"
"1744580563611","468","/oauth/login3","200","OK","unknown","true","42","0","40","40","0","0","0","DESKTOP-7GDM8PF_3096","None"
"1744580563677","536","/oauth/login3","200","OK","unknown","true","42","0","40","40","0","0","0","DESKTOP-7GDM8PF_3096","None"
"1744580563739","597","/oauth/login3","200","OK","unknown","true","42","0","40","40","0","0","0","DESKTOP-7GDM8PF_3096","None"
"1744580563861","718","/oauth/login3","200","OK","unknown","true","42","0","40","40","0","0","0","DESKTOP-7GDM8PF_3096","None"
"1744580564244","1102","/oauth/login3","200","OK","unknown","true","42","0","50","50","0","0","0","DESKTOP-7GDM8PF_3096","None"
"1744580564256","1113","/oauth/login3","200","OK","unknown","true","42","0","50","50","0","0","0","DESKTOP-7GDM8PF_3096","None"
"1744580564408","1596","q3","200","OK","unknown","true","5631","0","50","50","0","0","0","DESKTOP-7GDM8PF_3096","None"
"1744580564410","267","/oauth/login3","200","OK","unknown","true","42","0","50","50","0","0","0","DESKTOP-7GDM8PF_3096","None"
"1744580564601","458","/oauth/login3","200","OK","unknown","true","42","0","50","50","0","0","0","DESKTOP-7GDM8PF_3096","None"
"1744580564708","2328","q2","200","OK","unknown","true","7961","0","50","50","0","0","0","DESKTOP-7GDM8PF_3096","None"
"1744580564711","565","/oauth/login3","200","OK","unknown","true","42","0","50","50","0","0","0","DESKTOP-7GDM8PF_3096","None"
"1744580564884","739","/oauth/login3","200","OK","unknown","true","42","0","50","50","0","0","0","DESKTOP-7GDM8PF_3096","None"
"1744580564889","2511","q2","200","OK","unknown","true","7961","0","50","50","0","0","0","DESKTOP-7GDM8PF_3096","None"
"1744580564889","1680","q3","200","OK","unknown","true","5631","0","50","50","0","0","0","DESKTOP-7GDM8PF_3096","None"
"1744580565005","858","/oauth/login3","200","OK","unknown","true","42","0","50","50","0","0","0","DESKTOP-7GDM8PF_3096","None"
"1744580565106","1756","q3","200","OK","unknown","true","5631","0","50","50","0","0","0","DESKTOP-7GDM8PF_3096","None"
"1744580565109","962","/oauth/login3","200","OK","unknown","true","42","0","50","50","0","0","0","DESKTOP-7GDM8PF_3096","None"
"1744580565221","2625","q2","200","OK","unknown","true","7961","0","60","60","0","0","0","DESKTOP-7GDM8PF_3096","None"
"1744580565221","1071","/oauth/login3","200","OK","unknown","true","42","0","60","60","0","0","0","DESKTOP-7GDM8PF_3096","None"
"1744580565320","1971","q2","200","OK","unknown","true","7961","0","60","60","0","0","0","DESKTOP-7GDM8PF_3096","None"
"1744580565320","2829","q1","200","OK","unknown","true","14641","0","60","60","0","0","0","DESKTOP-7GDM8PF_3096","None"
"1744580565322","1168","/oauth/login3","200","OK","unknown","true","42","0","60","60","0","0","0","DESKTOP-7GDM8PF_3096","None"
"1744580565324","2319","q2","200","OK","unknown","true","7961","0","60","60","0","0","0","DESKTOP-7GDM8PF_3096","None"
"1744580565324","2323","q1","200","OK","unknown","true","14641","0","60","60","0","0","0","DESKTOP-7GDM8PF_3096","None"
"1744580565418","1269","/oauth/login3","200","OK","unknown","true","42","0","60","60","0","0","0","DESKTOP-7GDM8PF_3096","None"
"1744580565513","1361","/oauth/login3","200","OK","unknown","true","42","0","60","60","0","0","0","DESKTOP-7GDM8PF_3096","None"
"1744580565578","424","/oauth/login3","200","OK","unknown","true","42","0","60","60","0","0","0","DESKTOP-7GDM8PF_3096","None"
"1744580565643","490","/oauth/login3","200","OK","unknown","true","42","0","60","60","0","0","0","DESKTOP-7GDM8PF_3096","None"
"1744580565723","569","/oauth/login3","200","OK","unknown","true","42","0","60","60","0","0","0","DESKTOP-7GDM8PF_3096","None"
"1744580565845","690","/oauth/login3","200","OK","unknown","true","42","0","60","60","0","0","0","DESKTOP-7GDM8PF_3096","None"
"1744580565924","769","/oauth/login3","200","OK","unknown","true","42","0","60","60","0","0","0","DESKTOP-7GDM8PF_3096","None"
"1744580566150","993","/oauth/login3","200","OK","unknown","true","42","0","60","60","0","0","0","DESKTOP-7GDM8PF_3096","None"
"1744580566210","1052","/oauth/login3","200","OK","unknown","true","42","0","70","70","0","0","0","DESKTOP-7GDM8PF_3096","None"
"1744580566294","1137","/oauth/login3","200","OK","unknown","true","42","0","70","70","0","0","0","DESKTOP-7GDM8PF_3096","None"
"1744580566418","1261","/oauth/login3","200","OK","unknown","true","42","0","70","70","0","0","0","DESKTOP-7GDM8PF_3096","None"
"1744580566550","1392","/oauth/login3","200","OK","unknown","true","42","0","70","70","0","0","0","DESKTOP-7GDM8PF_3096","None"
"1744580566769","614","/oauth/login3","200","OK","unknown","true","42","0","70","70","0","0","0","DESKTOP-7GDM8PF_3096","None"
"1744580566774","616","/oauth/login3","200","OK","unknown","true","42","0","70","70","0","0","0","DESKTOP-7GDM8PF_3096","None"
"1744580566931","774","/oauth/login3","200","OK","unknown","true","42","0","70","70","0","0","0","DESKTOP-7GDM8PF_3096","None"
"1744580567041","882","/oauth/login3","200","OK","unknown","true","42","0","70","70","0","0","0","DESKTOP-7GDM8PF_3096","None"
"1744580567217","1061","/oauth/login3","200","OK","unknown","true","42","0","80","80","0","0","0","DESKTOP-7GDM8PF_3096","None"
"1744580567219","2111","q3","200","OK","unknown","true","5631","0","80","80","0","0","0","DESKTOP-7GDM8PF_3096","None"
"1744580567339","117","q3","0","None","unknown","false","0","0","80","80","0","0","0","DESKTOP-7GDM8PF_3096","Remote end closed connection without response"
"1744580567342","1183","/oauth/login3","200","OK","unknown","true","42","0","80","80","0","0","0","DESKTOP-7GDM8PF_3096","None"
"1744580567437","1277","/oauth/login3","200","OK","unknown","true","42","0","80","80","0","0","0","DESKTOP-7GDM8PF_3096","None"
"1744580567440","3031","q2","200","OK","unknown","true","7961","0","80","80","0","0","0","DESKTOP-7GDM8PF_3096","None"
"1744580567442","1865","q3","200","OK","unknown","true","5631","0","80","80","0","0","0","DESKTOP-7GDM8PF_3096","None"
"1744580567443","2120","q3","200","OK","unknown","true","5631","0","80","80","0","0","0","DESKTOP-7GDM8PF_3096","None"
"1744580567569","2054","q3","200","OK","unknown","true","5631","0","80","80","0","0","0","DESKTOP-7GDM8PF_3096","None"
"1744580567569","1407","/oauth/login3","200","OK","unknown","true","42","0","80","80","0","0","0","DESKTOP-7GDM8PF_3096","None"
"1744580567705","1544","/oauth/login3","200","OK","unknown","true","42","0","80","80","0","0","0","DESKTOP-7GDM8PF_3096","None"
"1744580567707","2066","q3","200","OK","unknown","true","5631","0","80","80","0","0","0","DESKTOP-7GDM8PF_3096","None"
"1744580567832","1670","/oauth/login3","200","OK","unknown","true","42","0","80","80","0","0","0","DESKTOP-7GDM8PF_3096","None"
"1744580568128","956","/oauth/login3","200","OK","unknown","true","42","0","80","80","0","0","0","DESKTOP-7GDM8PF_3096","None"
"1744580568244","1074","/oauth/login3","200","OK","unknown","true","42","0","90","90","0","0","0","DESKTOP-7GDM8PF_3096","None"
"1744580568331","3865","q1","200","OK","unknown","true","14641","0","90","90","0","0","0","DESKTOP-7GDM8PF_3096","None"
"1744580568332","3328","q2","200","OK","unknown","true","7961","0","90","90","0","0","0","DESKTOP-7GDM8PF_3096","None"
"1744580568333","2192","q3","200","OK","unknown","true","5631","0","90","90","0","0","0","DESKTOP-7GDM8PF_3096","None"
"1744580568334","2041","q3","200","OK","unknown","true","5631","0","90","90","0","0","0","DESKTOP-7GDM8PF_3096","None"
"1744580568335","1167","/oauth/login3","200","OK","unknown","true","42","0","90","90","0","0","0","DESKTOP-7GDM8PF_3096","None"
"1744580568339","4093","q1","200","OK","unknown","true","14641","0","90","90","0","0","0","DESKTOP-7GDM8PF_3096","None"
"1744580568434","1260","/oauth/login3","200","OK","unknown","true","42","0","90","90","0","0","0","DESKTOP-7GDM8PF_3096","None"
"1744580568788","1616","/oauth/login3","200","OK","unknown","true","42","0","90","90","0","0","0","DESKTOP-7GDM8PF_3096","None"
"1744580568929","1763","/oauth/login3","200","OK","unknown","true","42","0","90","90","0","0","0","DESKTOP-7GDM8PF_3096","None"
"1744580569022","1851","/oauth/login3","200","OK","unknown","true","42","0","90","90","0","0","0","DESKTOP-7GDM8PF_3096","None"
"1744580569024","2094","q3","200","OK","unknown","true","5631","0","90","90","0","0","0","DESKTOP-7GDM8PF_3096","None"
"1744580569119","1951","/oauth/login3","200","OK","unknown","true","42","0","90","90","0","0","0","DESKTOP-7GDM8PF_3096","None"
"1744580569124","4503","q1","200","OK","unknown","true","14641","0","90","90","0","0","0","DESKTOP-7GDM8PF_3096","None"
"1744580569298","2129","/oauth/login3","200","OK","unknown","true","42","0","100","100","0","0","0","DESKTOP-7GDM8PF_3096","None"
"1744580569365","2198","/oauth/login3","200","OK","unknown","true","42","0","100","100","0","0","0","DESKTOP-7GDM8PF_3096","None"
"1744580569714","1547","/oauth/login3","200","OK","unknown","true","42","0","100","100","0","0","0","DESKTOP-7GDM8PF_3096","None"
"1744580569828","1660","/oauth/login3","200","OK","unknown","true","42","0","100","100","0","0","0","DESKTOP-7GDM8PF_3096","None"
"1744580569916","1747","/oauth/login3","200","OK","unknown","true","42","0","100","100","0","0","0","DESKTOP-7GDM8PF_3096","None"
"1744580570059","2071","q3","200","OK","unknown","true","5631","0","100","100","0","0","0","DESKTOP-7GDM8PF_3096","None"
"1744580570061","1892","/oauth/login3","200","OK","unknown","true","42","0","100","100","0","0","0","DESKTOP-7GDM8PF_3096","None"
"1744580570147","5258","q2","200","OK","unknown","true","7961","0","100","100","0","0","0","DESKTOP-7GDM8PF_3096","None"
"1744580570148","3017","q2","200","OK","unknown","true","7961","0","100","100","0","0","0","DESKTOP-7GDM8PF_3096","None"
"1744580570150","1980","/oauth/login3","200","OK","unknown","true","42","0","100","100","0","0","0","DESKTOP-7GDM8PF_3096","None"
"1744580570371","2199","/oauth/login3","200","OK","unknown","true","42","0","100","100","0","0","0","DESKTOP-7GDM8PF_3096","None"
"1744580570377","3210","q3","200","OK","unknown","true","5631","0","100","100","0","0","0","DESKTOP-7GDM8PF_3096","None"
"1744580570553","2379","/oauth/login3","200","OK","unknown","true","42","0","100","100","0","0","0","DESKTOP-7GDM8PF_3096","None"
"1744580570674","2502","/oauth/login3","200","OK","unknown","true","42","0","100","100","0","0","0","DESKTOP-7GDM8PF_3096","None"
"1744580570899","2727","/oauth/login3","200","OK","unknown","true","42","0","100","100","0","0","0","DESKTOP-7GDM8PF_3096","None"
"1744580571068","2894","/oauth/login3","200","OK","unknown","true","42","0","100","100","0","0","0","DESKTOP-7GDM8PF_3096","None"
"1744580571443","3825","q3","200","OK","unknown","true","5631","0","100","100","0","0","0","DESKTOP-7GDM8PF_3096","None"
"1744580571447","2331","q3","200","OK","unknown","true","5631","0","100","100","0","0","0","DESKTOP-7GDM8PF_3096","None"
"1744580571452","2095","q3","200","OK","unknown","true","5631","0","100","100","0","0","0","DESKTOP-7GDM8PF_3096","None"
"1744580571460","2280","/oauth/login3","200","OK","unknown","true","42","0","100","100","0","0","0","DESKTOP-7GDM8PF_3096","None"
"1744580571688","2517","/oauth/login3","200","OK","unknown","true","42","0","100","100","0","0","0","DESKTOP-7GDM8PF_3096","None"
"1744580571690","2244","q3","200","OK","unknown","true","5631","0","100","100","0","0","0","DESKTOP-7GDM8PF_3096","None"
"1744580571697","2525","/oauth/login3","200","OK","unknown","true","42","0","100","100","0","0","0","DESKTOP-7GDM8PF_3096","None"
"1744580571812","2632","/oauth/login3","200","OK","unknown","true","42","0","100","100","0","0","0","DESKTOP-7GDM8PF_3096","None"
"1744580571907","2737","/oauth/login3","200","OK","unknown","true","42","0","100","100","0","0","0","DESKTOP-7GDM8PF_3096","None"
"1744580572065","2891","/oauth/login3","200","OK","unknown","true","42","0","100","100","0","0","0","DESKTOP-7GDM8PF_3096","None"
"1744580572175","2998","/oauth/login3","200","OK","unknown","true","42","0","100","100","0","0","0","DESKTOP-7GDM8PF_3096","None"
"1744580572390","3212","/oauth/login3","200","OK","unknown","true","42","0","100","100","0","0","0","DESKTOP-7GDM8PF_3096","None"
"1744580572395","2683","q3","200","OK","unknown","true","5631","0","100","100","0","0","0","DESKTOP-7GDM8PF_3096","None"
"1744580572399","7688","q1","200","OK","unknown","true","14641","0","100","100","0","0","0","DESKTOP-7GDM8PF_3096","None"
"1744580572402","5586","q2","200","OK","unknown","true","7961","0","100","100","0","0","0","DESKTOP-7GDM8PF_3096","None"
"1744580572571","3398","/oauth/login3","200","OK","unknown","true","42","0","100","100","0","0","0","DESKTOP-7GDM8PF_3096","None"
"1744580572785","3613","/oauth/login3","200","OK","unknown","true","42","0","100","100","0","0","0","DESKTOP-7GDM8PF_3096","None"
"1744580572890","2834","q3","200","OK","unknown","true","5631","0","100","100","0","0","0","DESKTOP-7GDM8PF_3096","None"
"1744580572892","2520","q3","200","OK","unknown","true","5631","0","100","100","0","0","0","DESKTOP-7GDM8PF_3096","None"
"1744580573137","1692","q3","200","OK","unknown","true","703","0","100","100","0","0","0","DESKTOP-7GDM8PF_3096","None"
"1744580573137","5918","q2","200","OK","unknown","true","7961","0","100","100","0","0","0","DESKTOP-7GDM8PF_3096","None"
"1744580573253","1968","q3","200","OK","unknown","true","5631","0","100","100","0","0","0","DESKTOP-7GDM8PF_3096","None"
"1744580573255","2578","q3","200","OK","unknown","true","5631","0","100","100","0","0","0","DESKTOP-7GDM8PF_3096","None"
"1744580573296","4221","q3","200","OK","unknown","true","5631","0","100","100","0","0","0","DESKTOP-7GDM8PF_3096","None"
"1744580574048","6708","q2","200","OK","unknown","true","7961","0","100","100","0","0","0","DESKTOP-7GDM8PF_3096","None"
"1744580574237","2330","q3","200","OK","unknown","true","5631","0","100","100","0","0","0","DESKTOP-7GDM8PF_3096","None"
"1744580574567","4511","q3","200","OK","unknown","true","5631","0","100","100","0","0","0","DESKTOP-7GDM8PF_3096","None"
"1744580574682","5246","q3","200","OK","unknown","true","5631","0","100","100","0","0","0","DESKTOP-7GDM8PF_3096","None"
"1744580574874","3133","q3","200","OK","unknown","true","5631","0","100","100","0","0","0","DESKTOP-7GDM8PF_3096","None"
"1744580574878","4324","q3","200","OK","unknown","true","5631","0","100","100","0","0","0","DESKTOP-7GDM8PF_3096","None"
"1744580574879","1295","q3","200","OK","unknown","true","5631","0","100","100","0","0","0","DESKTOP-7GDM8PF_3096","None"
"1744580574892","1111","q3","200","OK","unknown","true","5631","0","100","100","0","0","0","DESKTOP-7GDM8PF_3096","None"
"1744580574909","1786","q3","200","OK","unknown","true","5631","0","100","100","0","0","0","DESKTOP-7GDM8PF_3096","None"
"1744580574916","865","q3","200","OK","unknown","true","5631","0","100","100","0","0","0","DESKTOP-7GDM8PF_3096","None"
"1744580574950","1573","q3","200","OK","unknown","true","5631","0","100","100","0","0","0","DESKTOP-7GDM8PF_3096","None"
"1744580574950","383","q3","200","OK","unknown","true","5631","0","100","100","0","0","0","DESKTOP-7GDM8PF_3096","None"
"1744580574964","1227","q3","200","OK","unknown","true","5631","0","100","100","0","0","0","DESKTOP-7GDM8PF_3096","None"
"1744580574980","1451","q3","200","OK","unknown","true","5631","0","100","100","0","0","0","DESKTOP-7GDM8PF_3096","None"
"1744580574983","2335","q3","200","OK","unknown","true","5631","0","100","100","0","0","0","DESKTOP-7GDM8PF_3096","None"
"1744580574992","1069","q3","200","OK","unknown","true","5631","0","100","100","0","0","0","DESKTOP-7GDM8PF_3096","None"
"1744580574996","1424","q3","200","OK","unknown","true","5631","0","100","100","0","0","0","DESKTOP-7GDM8PF_3096","None"
"1744580575756","9458","q2","200","OK","unknown","true","7961","0","100","100","0","0","0","DESKTOP-7GDM8PF_3096","None"
"1744580575840","10733","q1","200","OK","unknown","true","14641","0","100","100","0","0","0","DESKTOP-7GDM8PF_3096","None"
"1744580575958","257","q3","200","OK","unknown","true","5631","0","100","100","0","0","0","DESKTOP-7GDM8PF_3096","None"
"1744580576308","9542","q1","200","OK","unknown","true","14641","0","100","100","0","0","0","DESKTOP-7GDM8PF_3096","None"
"1744580576316","9099","q2","200","OK","unknown","true","7961","0","100","100","0","0","0","DESKTOP-7GDM8PF_3096","None"
"1744580576605","653","q3","200","OK","unknown","true","5631","0","100","100","0","0","0","DESKTOP-7GDM8PF_3096","None"
"1744580576836","806","q3","200","OK","unknown","true","5631","0","100","100","0","0","0","DESKTOP-7GDM8PF_3096","None"
"1744580576848","389","q3","200","OK","unknown","true","5631","0","100","100","0","0","0","DESKTOP-7GDM8PF_3096","None"
"1744580577225","262","q3","200","OK","unknown","true","5631","0","100","100","0","0","0","DESKTOP-7GDM8PF_3096","None"
"1744580577250","5802","q2","200","OK","unknown","true","7961","0","100","100","0","0","0","DESKTOP-7GDM8PF_3096","None"
"1744580577254","10010","q2","200","OK","unknown","true","7961","0","100","100","0","0","0","DESKTOP-7GDM8PF_3096","None"
"1744580577306","8378","q2","200","OK","unknown","true","7961","0","100","100","0","0","0","DESKTOP-7GDM8PF_3096","None"
"1744580577488","8468","q2","200","OK","unknown","true","7961","0","100","100","0","0","0","DESKTOP-7GDM8PF_3096","None"
"1744580578497","876","q3","200","OK","unknown","true","5631","0","100","100","0","0","0","DESKTOP-7GDM8PF_3096","None"
"1744580578579","630","q3","200","OK","unknown","true","5631","0","100","100","0","0","0","DESKTOP-7GDM8PF_3096","None"
"1744580578695","606","q3","200","OK","unknown","true","5631","0","100","100","0","0","0","DESKTOP-7GDM8PF_3096","None"
"1744580578711","825","q3","200","OK","unknown","true","5631","0","100","100","0","0","0","DESKTOP-7GDM8PF_3096","None"
"1744580579035","568","q3","200","OK","unknown","true","5631","0","100","100","0","0","0","DESKTOP-7GDM8PF_3096","None"
"1744580579206","12910","q2","200","OK","unknown","true","7961","0","100","100","0","0","0","DESKTOP-7GDM8PF_3096","None"
"1744580579614","975","q3","200","OK","unknown","true","5631","0","100","100","0","0","0","DESKTOP-7GDM8PF_3096","None"
"1744580579628","519","q3","200","OK","unknown","true","5631","0","100","100","0","0","0","DESKTOP-7GDM8PF_3096","None"
"1744580580991","6999","q2","200","OK","unknown","true","7961","0","100","100","0","0","0","DESKTOP-7GDM8PF_3096","None"
"1744580581168","14208","q2","200","OK","unknown","true","7961","0","100","100","0","0","0","DESKTOP-7GDM8PF_3096","None"
"1744580581365","6007","q2","200","OK","unknown","true","7961","0","100","100","0","0","0","DESKTOP-7GDM8PF_3096","None"
"1744580581397","12268","q2","200","OK","unknown","true","7961","0","100","100","0","0","0","DESKTOP-7GDM8PF_3096","None"
"1744580581406","13757","q2","200","OK","unknown","true","7961","0","100","100","0","0","0","DESKTOP-7GDM8PF_3096","None"
"1744580581437","13645","q2","200","OK","unknown","true","7961","0","100","100","0","0","0","DESKTOP-7GDM8PF_3096","None"
"1744580581448","12004","q2","200","OK","unknown","true","7961","0","100","100","0","0","0","DESKTOP-7GDM8PF_3096","None"
"1744580581457","13628","q1","200","OK","unknown","true","14641","0","100","100","0","0","0","DESKTOP-7GDM8PF_3096","None"
"1744580581875","299","q3","200","OK","unknown","true","5631","0","100","100","0","0","0","DESKTOP-7GDM8PF_3096","None"
"1744580581980","15216","q2","200","OK","unknown","true","7961","0","100","100","0","0","0","DESKTOP-7GDM8PF_3096","None"
"1744580582527","670","q3","200","OK","unknown","true","5631","0","100","100","0","0","0","DESKTOP-7GDM8PF_3096","None"
"1744580582542","436","q3","200","OK","unknown","true","5631","0","100","100","0","0","0","DESKTOP-7GDM8PF_3096","None"
"1744580582578","14144","q1","200","OK","unknown","true","14641","0","100","100","0","0","0","DESKTOP-7GDM8PF_3096","None"
"1744580582708","6518","q2","200","OK","unknown","true","7961","0","100","100","0","0","0","DESKTOP-7GDM8PF_3096","None"
"1744580583501","15063","q2","200","OK","unknown","true","7961","0","100","100","0","0","0","DESKTOP-7GDM8PF_3096","None"
"1744580583526","12075","q2","200","OK","unknown","true","7961","0","100","100","0","0","0","DESKTOP-7GDM8PF_3096","None"
"1744580583635","11730","q2","200","OK","unknown","true","7961","0","100","100","0","0","0","DESKTOP-7GDM8PF_3096","None"
"1744580583678","11764","q2","200","OK","unknown","true","7961","0","100","100","0","0","0","DESKTOP-7GDM8PF_3096","None"
"1744580583682","11773","q2","200","OK","unknown","true","7961","0","100","100","0","0","0","DESKTOP-7GDM8PF_3096","None"
"1744580584438","442","q3","200","OK","unknown","true","5631","0","100","100","0","0","0","DESKTOP-7GDM8PF_3096","None"
"1744580584944","13250","q1","200","OK","unknown","true","14641","0","100","100","0","0","0","DESKTOP-7GDM8PF_3096","None"
"1744580585438","606","q3","200","OK","unknown","true","5631","0","100","100","0","0","0","DESKTOP-7GDM8PF_3096","None"
"1744580585750","670","q3","200","OK","unknown","true","5631","0","100","100","0","0","0","DESKTOP-7GDM8PF_3096","None"
"1744580585771","439","q3","200","OK","unknown","true","5631","0","100","100","0","0","0","DESKTOP-7GDM8PF_3096","None"
"1744580586229","377","q3","200","OK","unknown","true","5631","0","100","100","0","0","0","DESKTOP-7GDM8PF_3096","None"
"1744580586741","21324","q1","200","OK","unknown","true","14641","0","100","100","0","0","0","DESKTOP-7GDM8PF_3096","None"
"1744580586840","14057","q2","200","OK","unknown","true","7961","0","100","100","0","0","0","DESKTOP-7GDM8PF_3096","None"
"1744580587192","646","q3","200","OK","unknown","true","5631","0","100","100","0","0","0","DESKTOP-7GDM8PF_3096","None"
"1744580587215","420","q3","200","OK","unknown","true","5631","0","100","100","0","0","0","DESKTOP-7GDM8PF_3096","None"
"1744580587898","602","q3","200","OK","unknown","true","5631","0","100","100","0","0","0","DESKTOP-7GDM8PF_3096","None"
"1744580587916","539","q3","200","OK","unknown","true","5631","0","100","100","0","0","0","DESKTOP-7GDM8PF_3096","None"
"1744580589262","301","q3","200","OK","unknown","true","5631","0","100","100","0","0","0","DESKTOP-7GDM8PF_3096","None"
"1744580589537","15755","q2","200","OK","unknown","true","7961","0","100","100","0","0","0","DESKTOP-7GDM8PF_3096","None"
"1744580589744","15662","q2","200","OK","unknown","true","7961","0","100","100","0","0","0","DESKTOP-7GDM8PF_3096","None"
"1744580589746","15697","q2","200","OK","unknown","true","7961","0","100","100","0","0","0","DESKTOP-7GDM8PF_3096","None"
"1744580589753","15863","q1","200","OK","unknown","true","14641","0","100","100","0","0","0","DESKTOP-7GDM8PF_3096","None"
"1744580589867","14712","q2","200","OK","unknown","true","7961","0","100","100","0","0","0","DESKTOP-7GDM8PF_3096","None"
"1744580589875","14642","q2","200","OK","unknown","true","7961","0","100","100","0","0","0","DESKTOP-7GDM8PF_3096","None"
"1744580589894","14693","q2","200","OK","unknown","true","7961","0","100","100","0","0","0","DESKTOP-7GDM8PF_3096","None"
"1744580589917","22476","q1","200","OK","unknown","true","14641","0","100","100","0","0","0","DESKTOP-7GDM8PF_3096","None"
"1744580589949","22119","q1","200","OK","unknown","true","14641","0","100","100","0","0","0","DESKTOP-7GDM8PF_3096","None"
"1744580590535","309","q3","200","OK","unknown","true","5631","0","100","100","0","0","0","DESKTOP-7GDM8PF_3096","None"
"1744580590567","22432","q2","200","OK","unknown","true","7961","0","100","100","0","0","0","DESKTOP-7GDM8PF_3096","None"
